,0,1,2,3,4,5
0,"universityofauckland,nz-frenchalternativeenergiesandatomicenergycommission,fr	frenchalternativeenergiesandatomicenergycommission,fr-hanyanguniversity,kr",,,,,
1,"seoulnationaluniversity,kr-universityofillinoisaturbana-champaign,us	universityofillinoisaturbana-champaign,us-hanyanguniversity,kr",,,,,
2,"seoulnationaluniversity,kr-seoulnationaluniversity,kr	seoulnationaluniversity,kr-universityofillinoisaturbana-champaign,us","seoulnationaluniversity,kr-universityofillinoisaturbana-champaign,us	universityofillinoisaturbana-champaign,us-hanyanguniversity,kr",,,,
3,"universityofmassachusettsamherst,us-universityofmassachusettsamherst,us	universityofmassachusettsamherst,us-hanyanguniversity,kr",,,,,
4,"universityofcalifornia,us-carnegiemellonuniversity,us	carnegiemellonuniversity,us-hanyanguniversity,kr",,,,,
5,"seoulnationaluniversity,kr-georgiainstituteoftechnology,us	georgiainstituteoftechnology,us-universityofpennsylvania,us","georgiainstituteoftechnology,us-universityofpennsylvania,us	universityofpennsylvania,us-hanyanguniversity,kr",,,,
6,"hanyanguniversity,kr-stanforduniversity,us	stanforduniversity,us-hanyanguniversity,kr",,,,,
7,"inhauniversity,kr-kyonggiuniversity,kr	kyonggiuniversity,kr-catholicuniversityofpusan,kr",,,,,
8,"koreauniversity,kr-electronicsandtelecommunicationsresearchinstitute,kr	electronicsandtelecommunicationsresearchinstitute,kr-koreauniversity,kr","electronicsandtelecommunicationsresearchinstitute,kr-koreauniversity,kr	koreauniversity,kr-catholicuniversityofpusan,kr",,,,
9,"yonseiuniversity,kr-theuniversityofwesternontario,ca	theuniversityofwesternontario,ca-jejunationaluniversity,kr",,,,,
10,"pennsylvaniastateuniversity,us-seoulnationaluniversity,kr	seoulnationaluniversity,kr-hanshinuniversity,kr",,,,,
11,"koreauniversity,kr-koreauniversity,kr	koreauniversity,kr-koreauniversity,kr","koreauniversity,kr-koreauniversity,kr	koreauniversity,kr-hanshinuniversity,kr",,,,
12,"gwangjuinstituteofscienceandtechnology,kr-gwangjuinstituteofscienceandtechnology,kr	gwangjuinstituteofscienceandtechnology,kr-koreaadvancedinstituteofscienceandtechnology,kr","gwangjuinstituteofscienceandtechnology,kr-koreaadvancedinstituteofscienceandtechnology,kr	koreaadvancedinstituteofscienceandtechnology,kr-hanshinuniversity,kr",,,,
13,"mokwonuniversity,kr-chosununiversity,kr	chosununiversity,kr-mokwonuniversity,kr",,,,,
14,"koreaadvancedinstituteofscienceandtechnology,kr-koreaadvancedinstituteofscienceandtechnology,kr	koreaadvancedinstituteofscienceandtechnology,kr-thecatholicuniversityofkorea,kr",,,,,
15,"koreaadvancedinstituteofscienceandtechnology,kr-koreauniversityoftechnologyandeducation,kr	koreauniversityoftechnologyandeducation,kr-koreauniversityoftechnologyandeducation,kr",,,,,
16,"universityofnewsouthwales,au-koreauniversityoftechnologyandeducation,kr	koreauniversityoftechnologyandeducation,kr-koreauniversityoftechnologyandeducation,kr","koreauniversityoftechnologyandeducation,kr-koreauniversityoftechnologyandeducation,kr	koreauniversityoftechnologyandeducation,kr-koreauniversityoftechnologyandeducation,kr",,,,
17,"sungkyunkwanuniversity,kr-universityofwashington,us	universityofwashington,us-koreauniversityoftechnologyandeducation,kr",,,,,
18,"universityofcalifornia,us-internationalcomputerscienceinstitute,us	internationalcomputerscienceinstitute,us-seoulnationaluniversity,kr",,,,,
19,"universityofcalifornia,us-universityofcalifornia,us	universityofcalifornia,us-seoulnationaluniversity,kr",,,,,
20,"universityofcambridge,uk-parisdiderotuniversity,fr	parisdiderotuniversity,fr-maxplanckinstitute,de","parisdiderotuniversity,fr-maxplanckinstitute,de	maxplanckinstitute,de-microsoftresearch,uk","maxplanckinstitute,de-microsoftresearch,uk	microsoftresearch,uk-seoulnationaluniversity,kr",,,
21,"carnegiemellonuniversity,us-carnegiemellonuniversity,us	carnegiemellonuniversity,us-koreaadvancedinstituteofscienceandtechnology,kr",,,,,
22,"carnegiemellonuniversity,us-disneyresearch,us	disneyresearch,us-seoulnationaluniversity,kr",,,,,
23,"theuniversityoftexasataustin,us-theuniversityoftexasataustin,us	theuniversityoftexasataustin,us-georgiainstituteoftechnology,us",,,,,
24,"['massachusettsinstituteoftechnology,us']-dukeuniversity,us	dukeuniversity,us-seoulnationaluniversity,kr",,,,,
25,"seoulnationaluniversity,kr-soongsiluniversity,kr	soongsiluniversity,kr-universityofcalifornia,us","soongsiluniversity,kr-universityofcalifornia,us	universityofcalifornia,us-cityuniversityofnewyork,us","universityofcalifornia,us-cityuniversityofnewyork,us	cityuniversityofnewyork,us-seoulnationaluniversity,kr",,,
26,"seoulnationaluniversity,kr-universityofillinoisaturbana-champaign,us	universityofillinoisaturbana-champaign,us-theohiostateuniversity,us",,,,,
27,"massachusettsinstituteoftechnology,us-princetonuniversity,us	princetonuniversity,us-sungkyunkwanuniversity,kr",,,,,
28,"pennsylvaniastateuniversity,us-universityofcalifornia,us	universityofcalifornia,us-seoulnationaluniversity,kr",,,,,
29,"universityofcalifornia,us-stanforduniversity,us	stanforduniversity,us-seoulnationaluniversity,kr",,,,,
30,"seoulnationaluniversity,kr-universityofcalifornia,us	universityofcalifornia,us-seoulnationaluniversity,kr",,,,,
31,"ewhawomansuniversity,kr-ewhawomansuniversity,kr	ewhawomansuniversity,kr-seoulventureuniversity,kr",,,,,
32,"yonseiuniversity,kr-yonseiuniversity,kr	yonseiuniversity,kr-hoseouniversity,kr",,,,,
33,"universityofsoutherncalifornia,us-universityofsoutherncalifornia,us	universityofsoutherncalifornia,us-koreaadvancedinstituteofscienceandtechnology,kr",,,,,
34,"universityofflorida,us-arizonastateuniversity,us	arizonastateuniversity,us-koreaadvancedinstituteofscienceandtechnology,kr",,,,,
35,"koreaadvancedinstituteofscienceandtechnology,kr-universityofillinoisaturbana-champaign,us	universityofillinoisaturbana-champaign,us-daegugyeongbukinstituteofscience&technology,kr",,,,,
36,"universityoftheartslondon,uk-yaleuniversity,us	yaleuniversity,us-koreaadvancedinstituteofscienceandtechnology,kr",,,,,
37,"pennsylvaniastateuniversity,us-pennsylvaniastateuniversity,us	pennsylvaniastateuniversity,us-universityofsouthflorida,us",,,,,
38,"koreaadvancedinstituteofscienceandtechnology,kr-harvarduniversity,us	harvarduniversity,us-koreaadvancedinstituteofscienceandtechnology,kr",,,,,
39,"georgiainstituteoftechnology,us-massachusettsinstituteoftechnology,us	massachusettsinstituteoftechnology,us-koreaadvancedinstituteofscienceandtechnology,kr",,,,,
40,"universityofpennsylvania,us-malardalenuniversity,se	malardalenuniversity,se-koreaadvancedinstituteofscienceandtechnology,kr",,,,,
41,"universityofillinoisaturbana-champaign,us-koreaadvancedinstituteofscienceandtechnology,kr	koreaadvancedinstituteofscienceandtechnology,kr-seoulnationaluniversity,kr","koreaadvancedinstituteofscienceandtechnology,kr-seoulnationaluniversity,kr	seoulnationaluniversity,kr-universityofoxford,uk",,,,
42,"king'scollegelondon,uk-king'scollegelondon,uk	king'scollegelondon,uk-universitycollegelondon,uk","king'scollegelondon,uk-universitycollegelondon,uk	universitycollegelondon,uk-koreaadvancedinstituteofscienceandtechnology,kr",,,,
43,"universityofnorthcarolinaatchapelhill,us-lawrencelivermorenationallab,us	lawrencelivermorenationallab,us-koreaadvancedinstituteofscienceandtechnology,kr",,,,,
44,"universityofcalifornia,us-universityofcalifornia,us	universityofcalifornia,us-koreaadvancedinstituteofscienceandtechnology,kr",,,,,
45,"koreaadvancedinstituteofscienceandtechnology,kr-koreaadvancedinstituteofscienceandtechnology,kr	koreaadvancedinstituteofscienceandtechnology,kr-universityofillinoisaturbana-champaign,us","koreaadvancedinstituteofscienceandtechnology,kr-universityofillinoisaturbana-champaign,us	universityofillinoisaturbana-champaign,us-ibm,us","universityofillinoisaturbana-champaign,us-ibm,us	ibm,us-koreaadvancedinstituteofscienceandtechnology,kr",,,
46,"massachusettsinstituteoftechnology,us-massachusettsinstituteoftechnology,us	massachusettsinstituteoftechnology,us-koreaadvancedinstituteofscienceandtechnology,kr",,,,,
47,"paderbornuniversity,de-paderbornuniversity,de	paderbornuniversity,de-darmstadtuniversityoftechnology,de",,,,,
48,"koreaadvancedinstituteofscienceandtechnology,kr-maxplanckinstituteforsoftwaresystems,de	maxplanckinstituteforsoftwaresystems,de-koreaadvancedinstituteofscienceandtechnology,kr",,,,,
49,"theuniversityoftexasataustin,us-simonslaufermathematicalsciencesinstitute,us	simonslaufermathematicalsciencesinstitute,us-koreaadvancedinstituteofscienceandtechnology,kr",,,,,
50,"impericalcollegelondon,uk-impericalcollegelondon,uk	impericalcollegelondon,uk-koreaaerospaceuniversity,kr",,,,,
51,"seoulnationaluniversity,kr-universityofpennsylvania,us	universityofpennsylvania,us-koreaadvancedinstituteofscienceandtechnology,kr",,,,,
52,"pohanguniversityofscienceandtechnology,kr-universityofmichigan,us	universityofmichigan,us-koreaadvancedinstituteofscienceandtechnology,kr",,,,,
53,"yonseiuniversity,kr-yonseiuniversity,kr	yonseiuniversity,kr-koreaaerospaceuniversity,kr",,,,,
54,"seoulnationaluniversity,kr-kingscollegelondon,uk	kingscollegelondon,uk-koreaaerospaceuniversity,kr",,,,,
55,"koreauniversity,kr-theuniversityofarizona,us	theuniversityofarizona,us-kyungdonguniversity,kr",,,,,
56,"koreaadvancedinstituteofscienceandtechnology,kr-koreaadvancedinstituteofscienceandtechnology,kr	koreaadvancedinstituteofscienceandtechnology,kr-konkukuniversity,kr",,,,,
57,"universityofpennsylvania,us-universityofpennsylvania,us	universityofpennsylvania,us-konkukuniversity,kr",,,,,
58,"ewhawomansuniversity,kr-universityofcentralflorida,us	universityofcentralflorida,us-konkukuniversity,kr",,,,,
59,"koreaadvancedinstituteofscienceandtechnology,kr-massachusettsinstituteoftechnology,us	massachusettsinstituteoftechnology,us-koreaadvancedinstituteofscienceandtechnology,kr","massachusettsinstituteoftechnology,us-koreaadvancedinstituteofscienceandtechnology,kr	koreaadvancedinstituteofscienceandtechnology,kr-konkukuniversity,kr",,,,
60,"koreaadvancedinstituteofscienceandtechnology,kr-universityofgeneva,ch	universityofgeneva,ch-konkukuniversity,kr",,,,,
61,"koreauniversity,kr-theohiostateuniversity,us	theohiostateuniversity,us-konkukuniversity,kr",,,,,
62,"seoulnationaluniversity,kr-ewhawomansuniversity,kr	ewhawomansuniversity,kr-sungkyunkwanuniversity,kr",,,,,
63,"theuniversityoftexasatdallas,us-theuniversityoftexasatarlington,us	theuniversityoftexasatarlington,us-sungkyunkwanuniversity,kr",,,,,
64,"pohanguniversityofscienceandtechnology,kr-maxplanckinstitute,de	maxplanckinstitute,de-sungkyunkwanuniversity,kr",,,,,
65,"koreaadvancedinstituteofscienceandtechnology,kr-pennsylvaniastateuniversity,us	pennsylvaniastateuniversity,us-ulsannationalinstituteofscienceandtechnology,kr",,,,,
66,"universityofcambridge,uk-universityofbritishcolumbia,ca	universityofbritishcolumbia,ca-sungkyunkwanuniversity,kr",,,,,
67,"pohanguniversityofscienceandtechnology,kr-pohanguniversityofscienceandtechnology,kr	pohanguniversityofscienceandtechnology,kr-pennsylvaniastateuniversity,us","pohanguniversityofscienceandtechnology,kr-pennsylvaniastateuniversity,us	pennsylvaniastateuniversity,us-hankukuniversityofforeignstudies,kr",,,,
68,"koreaadvancedinstituteofscienceandtechnology,kr-koreaadvancedinstituteofscienceandtechnology,kr	koreaadvancedinstituteofscienceandtechnology,kr-sungkyunkwanuniversity,kr",,,,,
69,"pennsylvaniastateuniversity,us-louisianastateuniversity,us	louisianastateuniversity,us-hanyanguniversity,kr",,,,,
70,"seoulnationaluniversity,kr-seoulnationaluniversity,kr	seoulnationaluniversity,kr-sungkyunkwanuniversity,kr",,,,,
71,"koreaadvancedinstituteofscienceandtechnology,kr-cyberintelligencesharingandprotectionact,us	cyberintelligencesharingandprotectionact,us-sungkyunkwanuniversity,kr",,,,,
72,"koreaadvancedinstituteofscienceandtechnology,kr-sungkyunkwanuniversity,kr	sungkyunkwanuniversity,kr-sungkyunkwanuniversity,kr",,,,,
73,"thestateuniversityofnewyorkatstonybrook,us-georgiainstituteoftechnology,us	georgiainstituteoftechnology,us-sungkyunkwanuniversity,kr",,,,,
74,"seoulnationaluniversity,kr-seoulnationaluniversity,kr	seoulnationaluniversity,kr-universityofcalifornia,us","seoulnationaluniversity,kr-universityofcalifornia,us	universityofcalifornia,us-hanyanguniversity,kr",,,,
75,"universityofcalifornia,us-universityofcalifornia,us	universityofcalifornia,us-ewhawomansuniversity,kr",,,,,
76,"seoulnationaluniversity,kr-seoulnationaluniversity,kr	seoulnationaluniversity,kr-ewhawomansuniversity,kr",,,,,
77,"purdueuniversity,us-universityofnorthcarolinaatchapelhill,us	universityofnorthcarolinaatchapelhill,us-ewhawomansuniversity,kr",,,,,
78,"yonseiuniversity,kr-mitsubishielectricresearchlaboratory,us	mitsubishielectricresearchlaboratory,us-chungnamnationaluniversity,kr",,,,,
79,"universityofmaryland,us-carnegiemellonuniversity,us	carnegiemellonuniversity,us-ewhawomansuniversity,kr",,,,,
80,"ewhawomansuniversity,kr-seoulnationaluniversity,kr	seoulnationaluniversity,kr-ewhawomansuniversity,kr","seoulnationaluniversity,kr-ewhawomansuniversity,kr	ewhawomansuniversity,kr-sungkyunkwanuniversity,kr","ewhawomansuniversity,kr-sungkyunkwanuniversity,kr	sungkyunkwanuniversity,kr-ewhawomansuniversity,kr",,,
81,"seoulnationaluniversity,kr-seoulnationaluniversity,kr	seoulnationaluniversity,kr-carnegiemellonuniversity,us","seoulnationaluniversity,kr-carnegiemellonuniversity,us	carnegiemellonuniversity,us-hanyanguniversity,kr",,,,
82,"seoulnationaluniversity,kr-maxplanckinstituteforinformatics,de	maxplanckinstituteforinformatics,de-hanyanguniversity,kr",,,,,
83,"koreaadvancedinstituteofscienceandtechnology,kr-koreaadvancedinstituteofscienceandtechnology,kr	koreaadvancedinstituteofscienceandtechnology,kr-hanyanguniversity,kr",,,,,
84,"seoulnationaluniversity,kr-koreaadvancedinstituteofscienceandtechnology,kr	koreaadvancedinstituteofscienceandtechnology,kr-seoulnationaluniversity,kr","koreaadvancedinstituteofscienceandtechnology,kr-seoulnationaluniversity,kr	seoulnationaluniversity,kr-hanyanguniversity,kr",,,,
85,"seoulnationaluniversity,kr-seoulnationaluniversity,kr	seoulnationaluniversity,kr-hanyanguniversity,kr",,,,,
86,"seoulnationaluniversity,kr-seoulnationaluniversity,kr	seoulnationaluniversity,kr-ewhawomansuniversity,kr","seoulnationaluniversity,kr-ewhawomansuniversity,kr	ewhawomansuniversity,kr-hanyanguniversity,kr",,,,
87,"stanforduniversity,us-seoulnationaluniversity,kr	seoulnationaluniversity,kr-universityofseoul,kr",,,,,
88,"universityofflorida,us-universityofflorida,us	universityofflorida,us-hanyanguniversity,kr",,,,,
89,"seoulnationaluniversity,kr-theuniversityofsydney,at	theuniversityofsydney,at-hanyanguniversity,kr",,,,,
90,"hanyanguniversity,kr-georgiainstituteoftechnology,us	georgiainstituteoftechnology,us-hanyanguniversity,kr",,,,,
91,"koreaadvancedinstituteofscienceandtechnology,kr-koreaadvancedinstituteofscienceandtechnology,kr	koreaadvancedinstituteofscienceandtechnology,kr-chonnamnationaluniversity,kr",,,,,
92,"seoulnationaluniversity,kr-seoulnationaluniversity,kr	seoulnationaluniversity,kr-universityofcalifornia,us","seoulnationaluniversity,kr-universityofcalifornia,us	universityofcalifornia,us-chonnamnationaluniversity,kr",,,,
93,"chonnamnationaluniversity,kr-universityofcalifornia,us	universityofcalifornia,us-chonnamnationaluniversity,kr",,,,,
94,"koreauniversity,kr-rwthaachenuniversity,de	rwthaachenuniversity,de-hallymuniversity,kr",,,,,
95,"hongikuniversity,kr-hanyanguniversity,kr	hanyanguniversity,kr-seoulnationaluniversity,kr","hanyanguniversity,kr-seoulnationaluniversity,kr	seoulnationaluniversity,kr-hallymuniversity,kr",,,,
96,"gwangjuinstituteofscienceandtechnology,kr-universityofcambridge,uk	universityofcambridge,uk-gwangjuinstituteofscienceandtechnology,kr","universityofcambridge,uk-gwangjuinstituteofscienceandtechnology,kr	gwangjuinstituteofscienceandtechnology,kr-hallymuniversity,kr",,,,
97,"koreauniversity,kr-purdueuniversity,us	purdueuniversity,us-universityofcalifornia,us","purdueuniversity,us-universityofcalifornia,us	universityofcalifornia,us-gyeonggiuniversityofscienceandtechnology,kr",,,,
98,"koreaadvancedinstituteofscienceandtechnology,kr-swissfederalinstituteoftechnology,ch	swissfederalinstituteoftechnology,ch-hallymuniversity,kr",,,,,
99,"koreaadvancedinstituteofscienceandtechnology,kr-koreaadvancedinstituteofscienceandtechnology,kr	koreaadvancedinstituteofscienceandtechnology,kr-hankukuniversityofforeignstudies,kr",,,,,
100,"koreaadvancedinstituteofscienceandtechnology,kr-koreaadvancedinstituteofscienceandtechnology,kr	koreaadvancedinstituteofscienceandtechnology,kr-hankukuniversityofforeignstudies,kr",,,,,
101,"seoulnationaluniversity,kr-pusannationaluniversity,kr	pusannationaluniversity,kr-hankukuniversityofforeignstudies,kr",,,,,
102,"koreaadvancedinstituteofscienceandtechnology,kr-universityofcalifornia,us	universityofcalifornia,us-hankukuniversityofforeignstudies,kr",,,,,
103,"koreaadvancedinstituteofscienceandtechnology,kr-universityoftoronto,ca	universityoftoronto,ca-universityofpennsylvania,us","universityoftoronto,ca-universityofpennsylvania,us	universityofpennsylvania,us-jungwonuniversity,kr",,,,
104,"koreaadvancedinstituteofscienceandtechnology,kr-koreauniversity,kr	koreauniversity,kr-hankukuniversityofforeignstudies,kr",,,,,
105,"universityofsoutherncalifornia,us-rockwellinternational,us	rockwellinternational,us-hongikuniversity,kr",,,,,
106,"universityofmichigan,us-ibm,us	ibm,us-hongikuniversity,kr",,,,,
107,"universityofcalifornia,us-universityofcalifornia,us	universityofcalifornia,us-hongikuniversity,kr",,,,,
108,"georgiainstituteoftechnology,us-georgiainstituteoftechnology,us	georgiainstituteoftechnology,us-gwangjuinstituteofscienceandtechnology,kr",,,,,
109,"koreaadvancedinstituteofscienceandtechnology,kr-koreaadvancedinstituteofscienceandtechnology,kr	koreaadvancedinstituteofscienceandtechnology,kr-universityofcalifornia,us","koreaadvancedinstituteofscienceandtechnology,kr-universityofcalifornia,us	universityofcalifornia,us-gwangjuinstituteofscienceandtechnology,kr",,,,
110,"gwangjuinstituteofscienceandtechnology,kr-gwangjuinstituteofscienceandtechnology,kr	gwangjuinstituteofscienceandtechnology,kr-universityofillinoisaturbana-champaign,us","gwangjuinstituteofscienceandtechnology,kr-universityofillinoisaturbana-champaign,us	universityofillinoisaturbana-champaign,us-pusannationaluniversity,kr",,,,
111,"columbiauniversityinthecityofnewyork,us-bellcore,us	bellcore,us-gwangjuinstituteofscienceandtechnology,kr",,,,,
112,"universityofwaterloo,ca-universityofwaterloo,ca	universityofwaterloo,ca-lakeheaduniversity,ca",,,,,
113,"universityofcincinnati,us-universityofcincinnati,us	universityofcincinnati,us-gwangjuinstituteofscienceandtechnology,kr",,,,,
114,"universityofcoloradoboulder,us-koreainstituteofscienceandtechnology,kr	koreainstituteofscienceandtechnology,kr-osakanationalresearchinstitute,jp","koreainstituteofscienceandtechnology,kr-osakanationalresearchinstitute,jp	osakanationalresearchinstitute,jp-gwangjuinstituteofscienceandtechnology,kr","osakanationalresearchinstitute,jp-gwangjuinstituteofscienceandtechnology,kr	gwangjuinstituteofscienceandtechnology,kr-gwangjuinstituteofscienceandtechnology,kr",,,
115,"universityofsoutherncalifornia,us-harvarduniversity,us	harvarduniversity,us-gwangjuinstituteofscienceandtechnology,kr",,,,,
116,"universityofillinoisaturbana-champaign,us-universityofillinoisaturbana-champaign,us	universityofillinoisaturbana-champaign,us-gwangjuinstituteofscienceandtechnology,kr",,,,,
117,"koreaadvancedinstituteofscienceandtechnology,kr-korearesearchinstituteofstandardsandscience,kr	korearesearchinstituteofstandardsandscience,kr-theuniversityofnewmexico,mx","korearesearchinstituteofstandardsandscience,kr-theuniversityofnewmexico,mx	theuniversityofnewmexico,mx-losalamosnationallaboratory,us","theuniversityofnewmexico,mx-losalamosnationallaboratory,us	losalamosnationallaboratory,us-gwangjuinstituteofscienceandtechnology,kr",,,
118,"universityofminnesota-twincities,us-universityofcalifornia,us	universityofcalifornia,us-gwangjuinstituteofscienceandtechnology,kr",,,,,
119,"princetonuniversity,us-argonnenationallaboratory,us	argonnenationallaboratory,us-gwangjuinstituteofscienceandtechnology,kr",,,,,
120,"maxplanckinstituteforintelligentsystems,de-maxplanckinstituteforintelligentsystems,de	maxplanckinstituteforintelligentsystems,de-gwangjuinstituteofscienceandtechnology,kr",,,,,
121,"seoulnationaluniversity,kr-nationalhighmagneticfieldlaboratory,us	nationalhighmagneticfieldlaboratory,us-gwangjuinstituteofscienceandtechnology,kr",,,,,
122,"waynestateuniversity,us-massachusettsinstituteoftechnology,us	massachusettsinstituteoftechnology,us-inhauniversity,kr",,,,,
123,"seoulnationaluniversity,kr-seoulnationaluniversity,kr	seoulnationaluniversity,kr-universityofthebundeswehrmunich,de","seoulnationaluniversity,kr-universityofthebundeswehrmunich,de	universityofthebundeswehrmunich,de-gwangjuinstituteofscienceandtechnology,kr",,,,
124,"seoulnationaluniversity,kr-seoulnationaluniversity,kr	seoulnationaluniversity,kr-koreauniversity,kr",,,,,
125,"seoulnationaluniversity,kr-universityofsoutherncalifornia,us	universityofsoutherncalifornia,us-kongjunationaluniversity,kr",,,,,
126,"gwangjuinstituteofscienceandtechnology,kr-gwangjuinstituteofscienceandtechnology,kr	gwangjuinstituteofscienceandtechnology,kr-gwangjuinstituteofscienceandtechnology,kr",,,,,
127,"seoulnationaluniversity,kr-universityofillinoisaturbana-champaign,us	universityofillinoisaturbana-champaign,us-gwangjuinstituteofscienceandtechnology,kr",,,,,
128,"koreaadvancedinstituteofscienceandtechnology,kr-koreaadvancedinstituteofscienceandtechnology,kr	koreaadvancedinstituteofscienceandtechnology,kr-carnegiemellonuniversity,us","koreaadvancedinstituteofscienceandtechnology,kr-carnegiemellonuniversity,us	carnegiemellonuniversity,us-gwangjuinstituteofscienceandtechnology,kr",,,,
129,"casewesternreserveuniversity,us-rensselaerpolytechnicinstitute,us	rensselaerpolytechnicinstitute,us-gwangjuinstituteofscienceandtechnology,kr",,,,,
130,"seoulnationaluniversity,kr-seoulnationaluniversity,kr	seoulnationaluniversity,kr-jeonbuknationaluniversity,kr",,,,,
131,"koreaadvancedinstituteofscienceandtechnology,kr-koreainstituteofmachineryandmaterials,kr	koreainstituteofmachineryandmaterials,kr-jeonbuknationaluniversity,kr",,,,,
132,"koreauniversity,kr-koreauniversity,kr	koreauniversity,kr-jeonbuknationaluniversity,kr",,,,,
133,"yonseiuniversity,kr-yonseiuniversity,kr	yonseiuniversity,kr-jeonbuknationaluniversity,kr",,,,,
134,"seoulnationaluniversity,kr-seoulnationaluniversity,kr	seoulnationaluniversity,kr-jeonbuknationaluniversity,kr",,,,,
135,"seoulnationaluniversity,kr-seoulnationaluniversity,kr	seoulnationaluniversity,kr-jeonbuknationaluniversity,kr",,,,,
136,"koreaadvancedinstituteofscienceandtechnology,kr-koreaadvancedinstituteofscienceandtechnology,kr	koreaadvancedinstituteofscienceandtechnology,kr-jeonbuknationaluniversity,kr",,,,,
137,"seoulnationaluniversity,kr-federalinstituteoftechnologyzurich,ch	federalinstituteoftechnologyzurich,ch-chung-anguniversity,kr",,,,,
138,"koreaadvancedinstituteofscienceandtechnology,kr-koreaadvancedinstituteofscienceandtechnology,kr	koreaadvancedinstituteofscienceandtechnology,kr-chung-anguniversity,kr",,,,,
139,"seoulnationaluniversity,kr-seoulnationaluniversity,kr	seoulnationaluniversity,kr-universityofoxford,uk","seoulnationaluniversity,kr-universityofoxford,uk	universityofoxford,uk-chung-anguniversity,kr",,,,
140,"koreaadvancedinstituteofscienceandtechnology,kr-koreaadvancedinstituteofscienceandtechnology,kr	koreaadvancedinstituteofscienceandtechnology,kr-koreaadvancedinstituteofscienceandtechnology,kr","koreaadvancedinstituteofscienceandtechnology,kr-koreaadvancedinstituteofscienceandtechnology,kr	koreaadvancedinstituteofscienceandtechnology,kr-chung-anguniversity,kr",,,,
141,"universityofpennsylvania,us-rutgersuniversity,us	rutgersuniversity,us-chung-anguniversity,kr",,,,,
142,"chung-anguniversity,kr-chung-anguniversity,kr	chung-anguniversity,kr-chung-anguniversity,kr","chung-anguniversity,kr-chung-anguniversity,kr	chung-anguniversity,kr-chung-anguniversity,kr",,,,
143,"universityofsoutherncalifornia,us-universityofsoutherncalifornia,us	universityofsoutherncalifornia,us-hongikuniversity,kr",,,,,
144,"theuniversityoftexasataustin,us-stanforduniversity,us	stanforduniversity,us-chung-anguniversity,kr",,,,,
145,"seoulnationaluniversity,kr-universityofillinoisaturbana-champaign,us	universityofillinoisaturbana-champaign,us-chung-anguniversity,kr",,,,,
146,"inhauniversity,kr-nationalinstituteforresearchindigitalscienceandtechnology,fr	nationalinstituteforresearchindigitalscienceandtechnology,fr-inhauniversity,kr","nationalinstituteforresearchindigitalscienceandtechnology,fr-inhauniversity,kr	inhauniversity,kr-yeungnamuniversity,kr",,,,
147,"chung-anguniversity,kr-chung-anguniversity,kr	chung-anguniversity,kr-universityofcoloradodenver,us","chung-anguniversity,kr-universityofcoloradodenver,us	universityofcoloradodenver,us-chung-anguniversity,kr",,,,
148,"koreaadvancedinstituteofscienceandtechnology,kr-koreaadvancedinstituteofscienceandtechnology,kr	koreaadvancedinstituteofscienceandtechnology,kr-ajouuniversity,kr",,,,,
149,"carnegiemellonuniversity,us-carnegiemellonuniversity,us	carnegiemellonuniversity,us-seoulnationaluniversity,kr","carnegiemellonuniversity,us-seoulnationaluniversity,kr	seoulnationaluniversity,kr-ajouuniversity,kr",,,,
150,"seoulnationaluniversity,kr-seoulnationaluniversity,kr	seoulnationaluniversity,kr-ajouuniversity,kr",,,,,
151,"chungbuknationaluniversity,kr-chungbuknationaluniversity,kr	chungbuknationaluniversity,kr-chungbuknationaluniversity,kr",,,,,
152,"seoulnationaluniversity,kr-columbiauniversityinthecityofnewyork,us	columbiauniversityinthecityofnewyork,us-georgiainstituteoftechnology,us","columbiauniversityinthecityofnewyork,us-georgiainstituteoftechnology,us	georgiainstituteoftechnology,us-chungbuknationaluniversity,kr",,,,
153,"seoulnationaluniversity,kr-seoulnationaluniversity,kr	seoulnationaluniversity,kr-chungbuknationaluniversity,kr",,,,,
154,"koreauniversity,kr-koreauniversity,kr	koreauniversity,kr-universityofcalifornia,us","koreauniversity,kr-universityofcalifornia,us	universityofcalifornia,us-chungnamnationaluniversity,kr",,,,
155,"koreaadvancedinstituteofscienceandtechnology,kr-electronicsandtelecommunicationsresearchinstitute,kr	electronicsandtelecommunicationsresearchinstitute,kr-kumohnationalinstituteoftechnology,kr",,,,,
156,"koreaadvancedinstituteofscienceandtechnology,kr-carnegiemellonuniversity,us	carnegiemellonuniversity,us-chungnamnationaluniversity,kr",,,,,
157,"seoulnationaluniversity,kr-koreaadvancedinstituteofscienceandtechnology,kr	koreaadvancedinstituteofscienceandtechnology,kr-chungbuknationaluniversity,kr",,,,,
158,"texasa&muniversity,us-kangwonnationaluniversity,kr	kangwonnationaluniversity,kr-universityofulsan,kr",,,,,
159,"universityofcalifornia,us-purdueuniversity,us	purdueuniversity,us-inhauniversity,kr",,,,,
160,"koreaadvancedinstituteofscienceandtechnology,kr-koreaadvancedinstituteofscienceandtechnology,kr	koreaadvancedinstituteofscienceandtechnology,kr-simonfraseruniversity,ca","koreaadvancedinstituteofscienceandtechnology,kr-simonfraseruniversity,ca	simonfraseruniversity,ca-imperialcollegelondon,uk","simonfraseruniversity,ca-imperialcollegelondon,uk	imperialcollegelondon,uk-kookminuniversity,kr",,,
161,"koreauniversity,kr-koreauniversity,kr	koreauniversity,kr-sejonguniversity,kr","koreauniversity,kr-sejonguniversity,kr	sejonguniversity,kr-sejonguniversity,kr",,,,
162,"ajouuniversity,kr-ajouuniversity,kr	ajouuniversity,kr-thestateuniversityofnewyorkatstonybrook,us","ajouuniversity,kr-thestateuniversityofnewyorkatstonybrook,us	thestateuniversityofnewyorkatstonybrook,us-worcesterpolytechnicinstitute,us","thestateuniversityofnewyorkatstonybrook,us-worcesterpolytechnicinstitute,us	worcesterpolytechnicinstitute,us-soonchunhyanguniversity,kr",,,
163,"koreauniversity,kr-koreauniversity,kr	koreauniversity,kr-sunmoonuniversity,kr",,,,,
164,"theuniversityoftexasataustin,us-theuniversityoftexasataustin,us	theuniversityoftexasataustin,us-soongsiluniversity,kr",,,,,
165,"pohanguniversityofscienceandtechnology,kr-nationalinstituteforresearchindigitalscienceandtechnology,fr	nationalinstituteforresearchindigitalscienceandtechnology,fr-hongkonguniversityofscienceandtechnology,cn","nationalinstituteforresearchindigitalscienceandtechnology,fr-hongkonguniversityofscienceandtechnology,cn	hongkonguniversityofscienceandtechnology,cn-soongsiluniversity,kr",,,,
166,"cornelluniversity,us-theuniversityoftennessee,us	theuniversityoftennessee,us-soongsiluniversity,kr",,,,,
167,"seoulnationaluniversity,kr-seoulnationaluniversity,kr	seoulnationaluniversity,kr-soongsiluniversity,kr",,,,,
168,"universityofmaryland,us-dartmouthcollege,us	dartmouthcollege,us-myongjiuniversity,kr",,,,,
169,"pohanguniversityofscienceandtechnology,kr-rutgersuniversity,us	rutgersuniversity,us-sangmyunguniversity,kr",,,,,
170,"seoulnationaluniversity,kr-seoulnationaluniversity,kr	seoulnationaluniversity,kr-seoulwomen'suniversity,kr",,,,,
171,"koreauniversity,kr-koreauniversity,kr	koreauniversity,kr-seoulwomen'suniversity,kr",,,,,
172,"seoulnationaluniversity,kr-universityofcalifornia,us	universityofcalifornia,us-seoulwomen'suniversity,kr",,,,,
173,"ewhawomansuniversity,kr-seoulnationaluniversity,kr	seoulnationaluniversity,kr-seoulwomen'suniversity,kr",,,,,
174,"seoulnationaluniversity,kr-soongsiluniversity,kr	soongsiluniversity,kr-chungbuknationaluniversity,kr","soongsiluniversity,kr-chungbuknationaluniversity,kr	chungbuknationaluniversity,kr-hannamuniversity,kr",,,,
175,"michiganstateuniversity,us-michiganstateuniversity,us	michiganstateuniversity,us-soganguniversity,kr",,,,,
176,"universityofaizu,jp-hanyanguniversity,kr	hanyanguniversity,kr-hanyanguniversity,kr","hanyanguniversity,kr-hanyanguniversity,kr	hanyanguniversity,kr-mongoliainternationaluniversity,mn",,,,
177,"hanyanguniversity,kr-hanyanguniversity,kr	hanyanguniversity,kr-pukyongnationaluniversity,kr",,,,,
178,"koreaadvancedinstituteofscienceandtechnology,kr-koreaadvancedinstituteofscienceandtechnology,kr	koreaadvancedinstituteofscienceandtechnology,kr-universityofillinoisaturbana-champaign,us","koreaadvancedinstituteofscienceandtechnology,kr-universityofillinoisaturbana-champaign,us	universityofillinoisaturbana-champaign,us-kyungheeuniversity,kr",,,,
179,"pohanguniversityofscienceandtechnology,kr-federalinstituteoftechnologyzurich,ch	federalinstituteoftechnologyzurich,ch-kyungheeuniversity,kr",,,,,
180,"koreaadvancedinstituteofscienceandtechnology,kr-massachusettsinstituteoftechnology,us	massachusettsinstituteoftechnology,us-kyungheeuniversity,kr",,,,,
181,"koreaadvancedinstituteofscienceandtechnology,kr-koreaadvancedinstituteofscienceandtechnology,kr	koreaadvancedinstituteofscienceandtechnology,kr-kyungheeuniversity,kr",,,,,
182,"velloreinstituteoftechnologyuniversity,in-middlesexuniversitylondon,uk	middlesexuniversitylondon,uk-kyungheeuniversity,kr",,,,,
183,"kyungpooknationaluniversity,kr-kyungpooknationaluniversity,kr	kyungpooknationaluniversity,kr-koreanazareneuniversity,kr",,,,,
184,"northcarolinastateuniversity,us-washingtonuniversityinst.louis,us	washingtonuniversityinst.louis,us-youngsanuniversity,kr",,,,,
185,"pohanguniversityofscienceandtechnology,kr-pohanguniversityofscienceandtechnology,kr	pohanguniversityofscienceandtechnology,kr-keimyunguniversity,kr",,,,,
186,"chungnamnationaluniversity,kr-universityofcalifornia,us	universityofcalifornia,us-chungnamnationaluniversity,kr","universityofcalifornia,us-chungnamnationaluniversity,kr	chungnamnationaluniversity,kr-kongjunationaluniversity,kr",,,,
187,"koreaadvancedinstituteofscienceandtechnology,kr-koreaadvancedinstituteofscienceandtechnology,kr	koreaadvancedinstituteofscienceandtechnology,kr-kongjunationaluniversity,kr",,,,,
188,"donggukuniversity,kr-universityoflondon,uk	universityoflondon,uk-kunsannationaluniversity,kr",,,,,
189,"yonseiuniversity,kr-universityofottawa,ca	universityofottawa,ca-kumohnationalinstituteoftechnology,kr",,,,,
190,"hanyanguniversity,kr-hanyanguniversity,kr	hanyanguniversity,kr-kumohnationalinstituteoftechnology,kr",,,,,
191,"koreauniversity,kr-koreauniversity,kr	koreauniversity,kr-koreaadvancedinstituteofscienceandtechnology,kr","koreauniversity,kr-koreaadvancedinstituteofscienceandtechnology,kr	koreaadvancedinstituteofscienceandtechnology,kr-daeguuniversity,kr",,,,
192,"seoulwomen'suniversity,kr-carnegiemellonuniversity,us	carnegiemellonuniversity,us-jejunationaluniversity,kr","carnegiemellonuniversity,us-jejunationaluniversity,kr	jejunationaluniversity,kr-daeguuniversity,kr",,,,
193,"dong-auniversity,kr-dong-auniversity,kr	dong-auniversity,kr-dong-auniversity,kr",,,,,
194,"jeonbuknationaluniversity,kr-universityofcalifornia,us	universityofcalifornia,us-mokponationaluniversity,kr",,,,,
195,"gwangjuinstituteofscienceandtechnology,kr-gwangjuinstituteofscienceandtechnology,kr	gwangjuinstituteofscienceandtechnology,kr-gwangjuinstituteofscienceandtechnology,kr","gwangjuinstituteofscienceandtechnology,kr-gwangjuinstituteofscienceandtechnology,kr	gwangjuinstituteofscienceandtechnology,kr-mokponationaluniversity,kr",,,,
196,"chonnamnationaluniversity,kr-gwangjuinstituteofscienceandtechnology,kr	gwangjuinstituteofscienceandtechnology,kr-chonnamnationaluniversity,kr","gwangjuinstituteofscienceandtechnology,kr-chonnamnationaluniversity,kr	chonnamnationaluniversity,kr-mokponationaluniversity,kr",,,,
197,"gwangjuinstituteofscienceandtechnology,kr-norwegianuniversityofscienceandtechnology,no	norwegianuniversityofscienceandtechnology,no-mokponationaluniversity,kr",,,,,
198,"institutenationaldessciencesappliqueesdelyon,fr-institutenationaldessciencesappliqueesdelyon,fr	institutenationaldessciencesappliqueesdelyon,fr-soonchunhyanguniversity,kr",,,,,
199,"koreauniversity,kr-universityofbritishcolumbia,ca	universityofbritishcolumbia,ca-koreauniversity,kr",,,,,
200,"seoulnationaluniversity,kr-harvarduniversity,us	harvarduniversity,us-koreauniversity,kr",,,,,
201,"yonseiuniversity,kr-yonseiuniversity,kr	yonseiuniversity,kr-ecolepolytechniquefederaledelausanne,ch","yonseiuniversity,kr-ecolepolytechniquefederaledelausanne,ch	ecolepolytechniquefederaledelausanne,ch-koreauniversity,kr",,,,
202,"universityofsoutherncalifornia,us-nationalinstituteofstandardsandtechnology,us	nationalinstituteofstandardsandtechnology,us-pohanguniversityofscienceandtechnology,kr",,,,,
203,"seoulnationaluniversity,kr-seoulnationaluniversity,kr	seoulnationaluniversity,kr-seoulnationaluniversity,kr","seoulnationaluniversity,kr-seoulnationaluniversity,kr	seoulnationaluniversity,kr-koreauniversity,kr",,,,
204,"koreauniversity,kr-theuniversityoftokyo,jp	theuniversityoftokyo,jp-koreauniversity,kr",,,,,
205,"universityofmichigan,us-purdueuniversity,us	purdueuniversity,us-koreauniversity,kr",,,,,
206,"pohanguniversityofscienceandtechnology,kr-purdueuniversity,us	purdueuniversity,us-koreauniversity,kr",,,,,
207,"koreaadvancedinstituteofscienceandtechnology,kr-koreaadvancedinstituteofscienceandtechnology,kr	koreaadvancedinstituteofscienceandtechnology,kr-donggukuniversity,kr",,,,,
208,"seoulnationaluniversity,kr-purdueuniversity,us	purdueuniversity,us-theohiostateuniversity,us","purdueuniversity,us-theohiostateuniversity,us	theohiostateuniversity,us-koreauniversityoftechnologyandeducation,kr",,,,
209,"koreaadvancedinstituteofscienceandtechnology,kr-universityofillinoisaturbana-champaign,us	universityofillinoisaturbana-champaign,us-chung-anguniversity,kr",,,,,
210,"darmstadtuniversityoftechnology,de-nationalinstituteofadvancedindustrialscienceandtechnology,jp	nationalinstituteofadvancedindustrialscienceandtechnology,jp-kookminuniversity,kr",,,,,
211,"seoulnationaluniversity,kr-seoulnationaluniversity,kr	seoulnationaluniversity,kr-pennsylvaniastateuniversity,us","seoulnationaluniversity,kr-pennsylvaniastateuniversity,us	pennsylvaniastateuniversity,us-ewhawomansuniversity,kr","pennsylvaniastateuniversity,us-ewhawomansuniversity,kr	ewhawomansuniversity,kr-kookminuniversity,kr",,,
212,"seoulnationaluniversity,kr-seoulnationaluniversity,kr	seoulnationaluniversity,kr-pennsylvaniastateuniversity,us","seoulnationaluniversity,kr-pennsylvaniastateuniversity,us	pennsylvaniastateuniversity,us-kyonggiuniversity,kr",,,,
213,"pennsylvaniastateuniversity,us-stanforduniversity,us	stanforduniversity,us-pusannationaluniversity,kr",,,,,
214,"universityofcentralflorida,us-koreainstituteofscienceandtechnology,kr	koreainstituteofscienceandtechnology,kr-pusannationaluniversity,kr",,,,,
215,"kyungpooknationaluniversity,kr-koreaadvancedinstituteofscienceandtechnology,kr	koreaadvancedinstituteofscienceandtechnology,kr-maxplanckinstituteforbiologicalcybernetics,de","koreaadvancedinstituteofscienceandtechnology,kr-maxplanckinstituteforbiologicalcybernetics,de	maxplanckinstituteforbiologicalcybernetics,de-koreaadvancedinstituteofscienceandtechnology,kr","maxplanckinstituteforbiologicalcybernetics,de-koreaadvancedinstituteofscienceandtechnology,kr	koreaadvancedinstituteofscienceandtechnology,kr-maxplanckinstituteforbiologicalcybernetics,de","koreaadvancedinstituteofscienceandtechnology,kr-maxplanckinstituteforbiologicalcybernetics,de	maxplanckinstituteforbiologicalcybernetics,de-saarlanduniversity,de","maxplanckinstituteforbiologicalcybernetics,de-saarlanduniversity,de	saarlanduniversity,de-maxplanckinstituteforinformatics,de","saarlanduniversity,de-maxplanckinstituteforinformatics,de	maxplanckinstituteforinformatics,de-ulsannationalinstituteofscienceandtechnology,kr"
216,"purdueuniversity,us-purduevaccine,us	purduevaccine,us-ulsannationalinstituteofscienceandtechnology,kr",,,,,
217,"universityofmaryland,us-theuniversityoftexasataustin,us	theuniversityoftexasataustin,us-ulsannationalinstituteofscienceandtechnology,kr",,,,,
218,"seoulnationaluniversity,kr-georgiainstituteoftechnology,us	georgiainstituteoftechnology,us-ulsannationalinstituteofscienceandtechnology,kr",,,,,
219,"universityofnorthcarolinaatchapelhill,us-vanderbiltuniversity,us	vanderbiltuniversity,us-ulsannationalinstituteofscienceandtechnology,kr",,,,,
220,"aarhusuniversity,dk-koreaadvancedinstituteofscienceandtechnology,kr	koreaadvancedinstituteofscienceandtechnology,kr-kansasstateuniversity,us","koreaadvancedinstituteofscienceandtechnology,kr-kansasstateuniversity,us	kansasstateuniversity,us-koreauniversity,kr","kansasstateuniversity,us-koreauniversity,kr	koreauniversity,kr-koreauniversity,kr","koreauniversity,kr-koreauniversity,kr	koreauniversity,kr-innopolisuniversity,ru",,
221,"koreaadvancedinstituteofscienceandtechnology,kr-carnegiemellonuniversity,us	carnegiemellonuniversity,us-ulsannationalinstituteofscienceandtechnology,kr",,,,,
222,"hongkonguniversityofscienceandtechnology,cn-purdueuniversity,us	purdueuniversity,us-ulsannationalinstituteofscienceandtechnology,kr",,,,,
223,"seoulnationaluniversity,kr-universityofcalifornia,us	universityofcalifornia,us-universityofhouston,us",,,,,
224,"seoulnationaluniversity,kr-universityofcoloradoboulder,us	universityofcoloradoboulder,us-ulsannationalinstituteofscienceandtechnology,kr",,,,,
225,"koreauniversity,kr-koreauniversity,kr	koreauniversity,kr-hanshinuniversity,kr",,,,,
226,"koreaadvancedinstituteofscienceandtechnology,kr-stanforduniversity,us	stanforduniversity,us-universityofbritishcolumbia,ca","stanforduniversity,us-universityofbritishcolumbia,ca	universityofbritishcolumbia,ca-koreaadvancedinstituteofscienceandtechnology,kr","universityofbritishcolumbia,ca-koreaadvancedinstituteofscienceandtechnology,kr	koreaadvancedinstituteofscienceandtechnology,kr-seoulnationaluniversityofscienceandtechnology,kr",,,
227,"seoulnationaluniversity,kr-theuniversityoftexasataustin,us	theuniversityoftexasataustin,us-gachonuniversity,kr",,,,,
228,"chung-anguniversity,kr-bournemouthuniversity,uk	bournemouthuniversity,uk-seoulnationaluniversityofscienceandtechnology,kr",,,,,
229,"yonseiuniversity,kr-nanyangtechnologicaluniversity,sg	nanyangtechnologicaluniversity,sg-tongmyonguniversity,kr",,,,,
230,"gwangjuinstituteofscienceandtechnology,kr-gwangjuinstituteofscienceandtechnology,kr	gwangjuinstituteofscienceandtechnology,kr-gyeongsangnationaluniversity,kr",,,,,
231,"yonseiuniversity,kr-yonseiuniversity,kr	yonseiuniversity,kr-gyeongsangnationaluniversity,kr",,,,,
232,"dongseouniversity,kr-dongseouniversity,kr	dongseouniversity,kr-dongseouniversity,kr",,,,,
233,"dongseouniversity,kr-dongseouniversity,kr	dongseouniversity,kr-dongseouniversity,kr",,,,,
234,"uppsalauniversity,se-seoulnationaluniversity,kr	seoulnationaluniversity,kr-injeuniversity,kr",,,,,
235,"koreaadvancedinstituteofscienceandtechnology,kr-ewhawomansuniversity,kr	ewhawomansuniversity,kr-wonkwanguniversity,kr",,,,,
236,"chonnamnationaluniversity,kr-chonnamnationaluniversity,kr	chonnamnationaluniversity,kr-wonkwanguniversity,kr",,,,,
237,"pohanguniversityofscienceandtechnology,kr-pohanguniversityofscienceandtechnology,kr	pohanguniversityofscienceandtechnology,kr-yeungnamuniversity,kr",,,,,
238,"koreaadvancedinstituteofscienceandtechnology,kr-koreaadvancedinstituteofscienceandtechnology,kr	koreaadvancedinstituteofscienceandtechnology,kr-yeungnamuniversity,kr",,,,,
239,"koreaadvancedinstituteofscienceandtechnology,kr-koreaadvancedinstituteofscienceandtechnology,kr	koreaadvancedinstituteofscienceandtechnology,kr-yeungnamuniversity,kr",,,,,
240,"pohanguniversityofscienceandtechnology,kr-universityofsoutherncalifornia,us	universityofsoutherncalifornia,us-changwonnationaluniversity,kr",,,,,
241,"koreaadvancedinstituteofscienceandtechnology,kr-sungkyunkwanuniversity,kr	sungkyunkwanuniversity,kr-keimyunguniversity,kr",,,,,
242,"chungbuknationaluniversity,kr-chungbuknationaluniversity,kr	chungbuknationaluniversity,kr-changwonnationaluniversity,kr",,,,,
243,"koreaadvancedinstituteofscienceandtechnology,kr-koreaadvancedinstituteofscienceandtechnology,kr	koreaadvancedinstituteofscienceandtechnology,kr-pohanguniversityofscienceandtechnology,kr","koreaadvancedinstituteofscienceandtechnology,kr-pohanguniversityofscienceandtechnology,kr	pohanguniversityofscienceandtechnology,kr-kyonggiuniversity,kr",,,,
244,"chung-anguniversity,kr-chung-anguniversity,kr	chung-anguniversity,kr-koreainstituteofscienceandtechnology,kr","chung-anguniversity,kr-koreainstituteofscienceandtechnology,kr	koreainstituteofscienceandtechnology,kr-kyonggiuniversity,kr",,,,
245,"seoulnationaluniversity,kr-soongsiluniversity,kr	soongsiluniversity,kr-kyonggiuniversity,kr",,,,,
246,"pohanguniversityofscienceandtechnology,kr-ecolenormalesuperieure,fr	ecolenormalesuperieure,fr-pohanguniversityofscienceandtechnology,kr","ecolenormalesuperieure,fr-pohanguniversityofscienceandtechnology,kr	pohanguniversityofscienceandtechnology,kr-daegugyeongbukinstituteofscienceandtechnology,kr",,,,
247,"koreaadvancedinstituteofscienceandtechnology,kr-australiannationaluniversity,au	australiannationaluniversity,au-pohanguniversityofscienceandtechnology,kr",,,,,
248,"pennsylvaniastateuniversity,us-universityofmichigan,us	universityofmichigan,us-pohanguniversityofscienceandtechnology,kr",,,,,
249,"seoulnationaluniversity,kr-seoulnationaluniversity,kr	seoulnationaluniversity,kr-pohanguniversityofscienceandtechnology,kr",,,,,
250,"koreaadvancedinstituteofscienceandtechnology,kr-koreaadvancedinstituteofscienceandtechnology,kr	koreaadvancedinstituteofscienceandtechnology,kr-pohanguniversityofscienceandtechnology,kr",,,,,
251,"universityofillinoisaturbana-champaign,us-carnegiemellonuniversity,us	carnegiemellonuniversity,us-sriinternational,us","carnegiemellonuniversity,us-sriinternational,us	sriinternational,us-pohanguniversityofscienceandtechnology,kr",,,,
252,"koreaadvancedinstituteofscienceandtechnology,kr-koreaadvancedinstituteofscienceandtechnology,kr	koreaadvancedinstituteofscienceandtechnology,kr-princetonuniversity,us","koreaadvancedinstituteofscienceandtechnology,kr-princetonuniversity,us	princetonuniversity,us-pohanguniversityofscienceandtechnology,kr",,,,
253,"georgiainstituteoftechnology,us-georgiainstituteoftechnology,us	georgiainstituteoftechnology,us-universityofmichigan,us","georgiainstituteoftechnology,us-universityofmichigan,us	universityofmichigan,us-pohanguniversityofscienceandtechnology,kr",,,,
254,"universityofillinoisaturbana-champaign,us-ibmcorporation,kr	ibmcorporation,kr-pohanguniversityofscienceandtechnology,kr",,,,,
255,"koreaadvancedinstituteofscienceandtechnology,kr-mohamedbinzayeduniversityofartificialintelligence,ae	mohamedbinzayeduniversityofartificialintelligence,ae-pohanguniversityofscienceandtechnology,kr",,,,,
256,"utrechtuniversity,nl-koreaadvancedinstituteofscienceandtechnology,kr	koreaadvancedinstituteofscienceandtechnology,kr-sejonguniversity,kr",,,,,
257,"pohanguniversityofscienceandtechnology,kr-maxplanckinstituteforinformatics,de	maxplanckinstituteforinformatics,de-pohanguniversityofscienceandtechnology,kr",,,,,
258,"koreaadvancedinstituteofscienceandtechnology,kr-koreaadvancedinstituteofscienceandtechnology,kr	koreaadvancedinstituteofscienceandtechnology,kr-kthroyalinstituteoftechnology,se","koreaadvancedinstituteofscienceandtechnology,kr-kthroyalinstituteoftechnology,se	kthroyalinstituteoftechnology,se-universityofillinoisaturbana-champaign,us","kthroyalinstituteoftechnology,se-universityofillinoisaturbana-champaign,us	universityofillinoisaturbana-champaign,us-universityofwashington,us","universityofillinoisaturbana-champaign,us-universityofwashington,us	universityofwashington,us-pohanguniversityofscienceandtechnology,kr",,
259,"koreaadvancedinstituteofscienceandtechnology,kr-thecitycollegeofnewyork,us	thecitycollegeofnewyork,us-pohanguniversityofscienceandtechnology,kr",,,,,
260,"koreaadvancedinstituteofscienceandtechnology,kr-koreaadvancedinstituteofscienceandtechnology,kr	koreaadvancedinstituteofscienceandtechnology,kr-pohanguniversityofscienceandtechnology,kr",,,,,
261,"seoulnationaluniversity,kr-inriawillowteamatecholenormalesuperieure,fr	inriawillowteamatecholenormalesuperieure,fr-pohanguniversityofscienceandtechnology,kr",,,,,
262,"pohanguniversityofscienceandtechnology,kr-adoberesearch,us	adoberesearch,us-daegugyeongbukinstituteofscienceandtechnology,kr",,,,,
263,"purdueuniversity,us-purdueuniversity,us	purdueuniversity,us-pohanguniversityofscienceandtechnology,kr",,,,,
264,"koreaadvancedinstituteofscienceandtechnology,kr-koreaadvancedinstituteofscienceandtechnology,kr	koreaadvancedinstituteofscienceandtechnology,kr-koreaadvancedinstituteofscienceandtechnology,kr","koreaadvancedinstituteofscienceandtechnology,kr-koreaadvancedinstituteofscienceandtechnology,kr	koreaadvancedinstituteofscienceandtechnology,kr-kyungpooknationaluniversity,kr",,,,
265,"universityofwaterloo,ca-universityofwaterloo,ca	universityofwaterloo,ca-universityofwesternontario,ca","universityofwaterloo,ca-universityofwesternontario,ca	universityofwesternontario,ca-pohanguniversityofscienceandtechnology,kr",,,,
266,"koreaadvancedinstituteofscienceandtechnology,kr-koreaadvancedinstituteofscienceandtechnology,kr	koreaadvancedinstituteofscienceandtechnology,kr-pohanguniversityofscienceandtechnology,kr",,,,,
267,"universityofnorthcarolinaatchapelhill,us-universityofnorthcarolinaatchapelhill,us	universityofnorthcarolinaatchapelhill,us-stateuniversityofnewyorkkorea,kr",,,,,
268,"universityofcalifornia,us-ibmwatsonresearchcenter,us	ibmwatsonresearchcenter,us-pohanguniversityofscienceandtechnology,kr",,,,,
269,"viennauniversityoftechnology,at-theuniversityofsydney,at	theuniversityofsydney,at-yonseiuniversity,kr",,,,,
270,"cornelluniversity,us-ecolepolytechniquefederaledelausanne,ch	ecolepolytechniquefederaledelausanne,ch-yonseiuniversity,kr",,,,,
271,"koreaadvancedinstituteofscienceandtechnology,kr-aaltouniversity,fi	aaltouniversity,fi-koreaadvancedinstituteofscienceandtechnology,kr",,,,,
272,"yonseiuniversity,kr-yonseiuniversity,kr	yonseiuniversity,kr-sejonguniversity,kr",,,,,
273,"pohanguniversityofscienceandtechnology,kr-seoulnationaluniversity,kr	seoulnationaluniversity,kr-yonseiuniversity,kr",,,,,
274,"seoulnationaluniversity,kr-ibmcorporation,us	ibmcorporation,us-yonseiuniversity,kr",,,,,
275,"yonseiuniversity,kr-pennsylvaniastateuniversity,us	pennsylvaniastateuniversity,us-yonseiuniversity,kr","pennsylvaniastateuniversity,us-yonseiuniversity,kr	yonseiuniversity,kr-yonseiuniversity,kr",,,,
276,"koreaadvancedinstituteofscienceandtechnology,kr-koreaadvancedinstituteofscienceandtechnology,kr	koreaadvancedinstituteofscienceandtechnology,kr-purdueuniversity,us","koreaadvancedinstituteofscienceandtechnology,kr-purdueuniversity,us	purdueuniversity,us-yonseiuniversity,kr",,,,
277,"cornelluniversity,us-cornelluniversity,us	cornelluniversity,us-yonseiuniversity,kr",,,,,
278,"koreaadvancedinstituteofscienceandtechnology,kr-koreaadvancedinstituteofscienceandtechnology,kr	koreaadvancedinstituteofscienceandtechnology,kr-pusannationaluniversity,kr","koreaadvancedinstituteofscienceandtechnology,kr-pusannationaluniversity,kr	pusannationaluniversity,kr-dongseouniversity,kr",,,,
279,"yonseiuniversity,kr-yonseiuniversity,kr	yonseiuniversity,kr-yonseiuniversity,kr",,,,,
280,"koreaadvancedinstituteofscienceandtechnology,kr-universityofwaterloo,ca	universityofwaterloo,ca-kwangwoonuniversity,kr",,,,,
281,"koreaadvancedinstituteofscienceandtechnology,kr-koreaadvancedinstituteofscienceandtechnology,kr	koreaadvancedinstituteofscienceandtechnology,kr-kwangwoonuniversity,kr",,,,,
282,"imperialcollegelondon,uk-universityofcalifornia,us	universityofcalifornia,us-kwangwoonuniversity,kr",,,,,
283,"koreaadvancedinstituteofscienceandtechnology,kr-seoulnationaluniversity,kr	seoulnationaluniversity,kr-kwangwoonuniversity,kr",,,,,
284,"seoulnationaluniversity,kr-seoulnationaluniversity,kr	seoulnationaluniversity,kr-kwangwoonuniversity,kr",,,,,
285,"yonseiuniversity,kr-universityofminnesota-twincities,us	universityofminnesota-twincities,us-theuniversityofsuwon,kr",,,,,
286,"seoulnationaluniversity,kr-seoulnationaluniversity,kr	seoulnationaluniversity,kr-kwangwoonuniversity,kr",,,,,
287,"seoulnationaluniversity,kr-seoulnationaluniversity,kr	seoulnationaluniversity,kr-kwangwoonuniversity,kr",,,,,
288,"ulsannationalinstituteofscienceandtechnology,kr-pohanguniversityofscienceandtechnology,kr	pohanguniversityofscienceandtechnology,kr-kwangwoonuniversity,kr",,,,,
289,"seoulnationaluniversity,kr-seoulnationaluniversity,kr	seoulnationaluniversity,kr-universityofsoutherncalifornia,us","seoulnationaluniversity,kr-universityofsoutherncalifornia,us	universityofsoutherncalifornia,us-dankookuniversity,kr",,,,
290,"pohanguniversityofscienceandtechnology,kr-koreaadvancedinstituteofscienceandtechnology,kr	koreaadvancedinstituteofscienceandtechnology,kr-incheonnationaluniversity,kr",,,,,
291,"koreauniversity,kr-koreauniversity,kr	koreauniversity,kr-carnegiemellonuniversity,us","koreauniversity,kr-carnegiemellonuniversity,us	carnegiemellonuniversity,us-theuniversityoftexasatdallas,us","carnegiemellonuniversity,us-theuniversityoftexasatdallas,us	theuniversityoftexasatdallas,us-theuniversityoftexasatdallas,us","theuniversityoftexasatdallas,us-theuniversityoftexasatdallas,us	theuniversityoftexasatdallas,us-incheonnationaluniversity,kr",,
292,"universityofpennsylvania,us-losalamosnationallab,us	losalamosnationallab,us-incheonnationaluniversity,kr",,,,,
293,"yonseiuniversity,kr-universityofcalifornia,us	universityofcalifornia,us-incheonnationaluniversity,kr",,,,,
294,"koreaadvancedinstituteofscienceandtechnology,kr-sungkyunkwanuniversity,kr	sungkyunkwanuniversity,kr-incheonnationaluniversity,kr",,,,,
295,"seoulnationaluniversity,kr-georgiainstituteoftechnology,us	georgiainstituteoftechnology,us-incheonnationaluniversity,kr",,,,,
296,"cambridgeuniversity,uk-smithkettlewellvisioninstitute,us	smithkettlewellvisioninstitute,us-sejonguniversity,kr",,,,,
297,"yonseiuniversity,kr-yonseiuniversity,kr	yonseiuniversity,kr-sejonguniversity,kr",,,,,
298,"ewhawomansuniversity,kr-ewhawomansuniversity,kr	ewhawomansuniversity,kr-sejonguniversity,kr",,,,,
299,"seoulnationaluniversity,kr-universityofhelsinki,fl	universityofhelsinki,fl-sejonguniversity,kr",,,,,
300,"yonseiuniversity,kr-theuniversityofutah,us	theuniversityofutah,us-sejonguniversity,kr",,,,,
301,"texasa&muniversity,us-texasa&muniversity,us	texasa&muniversity,us-chungbuknationaluniversity,kr",,,,,
302,"purdueuniversity,us-swissnationalsupercomputingcenter,ch	swissnationalsupercomputingcenter,ch-swissfederalinstituteoftechnology,ch","swissnationalsupercomputingcenter,ch-swissfederalinstituteoftechnology,ch	swissfederalinstituteoftechnology,ch-purdueuniversity,us","swissfederalinstituteoftechnology,ch-purdueuniversity,us	purdueuniversity,us-sejonguniversity,kr",,,
303,"universityofillinoisaturbana-champaign,us-nationalinstituteofhealth,kr	nationalinstituteofhealth,kr-sejonguniversity,kr",,,,,
304,"kwangwoonuniversity,kr-sungkyunkwanuniversity,kr	sungkyunkwanuniversity,kr-universityofottawa,ca","sungkyunkwanuniversity,kr-universityofottawa,ca	universityofottawa,ca-sejonguniversity,kr","universityofottawa,ca-sejonguniversity,kr	sejonguniversity,kr-hanyanguniversity,kr","sejonguniversity,kr-hanyanguniversity,kr	hanyanguniversity,kr-sejonguniversity,kr",,
305,"inhauniversity,kr-inhauniversity,kr	inhauniversity,kr-sejonguniversity,kr",,,,,
306,"kyungheeuniversity,kr-kyungheeuniversity,kr	kyungheeuniversity,kr-sejonguniversity,kr",,,,,
307,"inhauniversity,kr-inhauniversity,kr	inhauniversity,kr-sejonguniversity,kr",,,,,
308,"inhauniversity,kr-inhauniversity,kr	inhauniversity,kr-sejonguniversity,kr",,,,,
309,"kwangwoonuniversity,kr-kwangwoonuniversity,kr	kwangwoonuniversity,kr-soongsiluniversity,kr","kwangwoonuniversity,kr-soongsiluniversity,kr	soongsiluniversity,kr-sejonguniversity,kr",,,,
310,"koreaadvancedinstituteofscienceandtechnology,kr-koreaadvancedinstituteofscienceandtechnology,kr	koreaadvancedinstituteofscienceandtechnology,kr-donggukuniversity,kr",,,,,
311,"donggukuniversity,kr-koreauniversity,kr	koreauniversity,kr-donggukuniversity,kr",,,,,
312,"donggukuniversity,kr-donggukuniversity,kr	donggukuniversity,kr-kongjunationaluniversity,kr",,,,,
313,"donggukuniversity,kr-universityofflorida,us	universityofflorida,us-donggukuniversity,kr",,,,,
314,"koreauniversity,kr-pennsylvaniastateuniversity,us	pennsylvaniastateuniversity,us-pukyongnationaluniversity,kr",,,,,
315,"universityofsoutherncalifornia,us-universityofsoutherncalifornia,us	universityofsoutherncalifornia,us-donggukuniversity,kr",,,,,
316,"pohanguniversityofscienceandtechnology,kr-koreainstituteofscienceandtechnology,kr	koreainstituteofscienceandtechnology,kr-pohanguniversityofscienceandtechnology,kr","koreainstituteofscienceandtechnology,kr-pohanguniversityofscienceandtechnology,kr	pohanguniversityofscienceandtechnology,kr-donggukuniversity,kr",,,,
317,"koreaadvancedinstituteofscienceandtechnology,kr-koreaadvancedinstituteofscienceandtechnology,kr	koreaadvancedinstituteofscienceandtechnology,kr-kingscollegelondon,uk","koreaadvancedinstituteofscienceandtechnology,kr-kingscollegelondon,uk	kingscollegelondon,uk-donggukuniversity,kr",,,,
318,"seoulnationaluniversity,kr-seoulnationaluniversity,kr	seoulnationaluniversity,kr-donggukuniversity,kr",,,,,
319,"seoulnationaluniversity,kr-seoulnationaluniversity,kr	seoulnationaluniversity,kr-rutgersuniversity,us","seoulnationaluniversity,kr-rutgersuniversity,us	rutgersuniversity,us-donggukuniversity,kr",,,,
